7318220091,A2 STAINLESS STEEL FLAT WASHERS M6,https://www.screwfix.com/p/easyfix-a2-stainless-steel-flat-washers-m6-x-1-6mm-100-pack/7614t
6601910000,Folding Umbrella Blue Sun Parasol Sunshade Magic Flower Change Color 8 Bones Lightweight Small Size UV Proof Umbrellas for Girls,https://www.amazon.co.uk/Folding-Umbrella-Sunshade-Lightweight-Umbrellas/dp/B074M7DL6K/
5703308800,"LATTJO  Rug, low pile",https://www.ikea.com/gb/en/products/textiles-rugs/rugs/lattjo-rug-low-pile-multicolour-art-30378331/
2201101100,Volvic Still Mineral Water 6 x 1.5L,https://www.ocado.com/webshop/product/Volvic-Still-Mineral-Water/15158011
2002101000,Grower's Harvest Chopped Tomatoes,https://www.tesco.com/groceries/en-GB/products/299768716
5908000000,100 Pieces Candle Wick Pre-waxed Wicks for Candle Making,https://www.amazon.co.uk/Pieces-Candle-Pre-waxed-Wicks-Making/dp/B075HDDHXY
3506100000,RS PRO 250ml Liquid Acrylic Adhesive,https://uk.rs-online.com/web/p/products/0144399/?grossPrice=Y&cm_mmc=UK-PLA-DS3A-_-google-_-PLA_UK_EN_Adhesives_And_Sealants_And_Tapes-_-Adhesives_And_Glues%7CAcrylic_Adhesives-_-PRODUCT_GROUP&matchtype=&pla-464582192593&s_kwcid=AL!7457!3!243856868765!!!g!464582192593!&gclid=Cj0KCQiA8_PfBRC3ARIsAOzJ2urBYvUORs0tGkKRI6Vmy-k8XdRV6FdmOPmrSATGdCYBvVxFJOPbj2gaAt9-EALw_wcB&gclsrc=aw.ds
6506101000,Yellow Climax 5-RS Safety Helmet Hard Hat,https://www.thesafetysupplycompany.co.uk/p/8780944/yellow-climax-5-rs-safety-helmet-hard-hat---made-in-the-eu---conforms-to-en3972012a12000-and-en503652002---cl-mod5-rs-yellow.html?gclid=CjwKCAiArK_fBRABEiwA0gOOcw2PcPD8VjHlvxUja8K-m7zLnmmVC-IjxvqgBs2AwaEM9mgGPRJxThoCWKwQAvD_BwE
0305399030,Tuna in brine,https://www.princes.co.uk/our-products/fish/tuna/sandwich-tuna/product-tuna-flakes-in-brine/
5501200000,Polyester tow,http://www.bausda.com/product/polyester-tow/
3006910000,SenSura Mio Concave 1-piece Urostomy,https://www.coloplast.co.uk/sensura-mio-concave-1-piece-urostomy-en-gb.aspx
3503008000,"Handover: Fish Glue, Isinglass",https://www.handover.co.uk/handover-fish-glue-1kg
1902110090,Tesco Linguine,https://www.tesco.com/groceries/en-GB/products/299914960
3212100000,Creativ 10-Piece Stamping Foil Silver,https://www.amazon.co.uk/Creativ-10-Piece-Stamping-Thickness-Silver/dp/B009ZSGD5Y/ref=sr_1_5?s=kitchen&ie=UTF8&qid=1543168698&sr=1-5&keywords=stamping+foil
3810100010,Flux Powder 250 G,https://www.zoro.co.uk/shop/welding--brazing-and-soldering/flux/easyflo-flux-powder-250-g-rm/p/ZT1000901X?utm_campaign=pla-Welding%2c+Brazing+%26+Soldering+-+&utm_source=google&utm_medium=shopping-pla&utm_keyword=ZT1000901X&istCompanyId=6aa6787b-063e-4414-802d-129f235df603&istItemId=wtqitrwppt&istBid=tztx&gclid=Cj0KCQiA8_PfBRC3ARIsAOzJ2urHiWSwV3N62wWagbZISq5aLQsTEsW56OGl1xT67LAEITGVQdnyMCYaAkyGEALw_wcB
3005100000,Relipore REL600 Sterile Dressing,https://www.amazon.co.uk/Relipore-REL600-Sterile-Dressing-Pack/dp/B009XBJ0PI/
1302120000,Swanson Licorice Root Liquid Extract,https://www.amazon.co.uk/Swanson-Licorice-Liquid-Extract-Alcohol/dp/B00C66XDSC
9706000000,"Gian Lorenzo Bernini, 'A Design for a Fountain' About 1652-1653 Pen and ink and wash",http://www.vam.ac.uk/content/articles/m/master-drawings-watercolours-prints-ionides-bequest/
3404900000,Stearic Acid Wax,https://www.amazon.co.uk/Mystic-Moments-RMSTEAWAX1K-Stearic-Acid/dp/B0068ISQAE/ref=sr_1_2_a_it?ie=UTF8&qid=1543346592&sr=8-2&keywords=stearic+acid+wax
3801100000,Artificial Graphite,http://www.imerys-graphite-and-carbon.com/33-artificial-graphite/34-artificial-graphite.html
0808108090,Tesco Braeburn Apples Loose,https://www.tesco.com/groceries/en-GB/products/253807413
8803300010,"Filter, lube and scavenge, auxiliary power unit (APU).",https://www.aviall.com/aviallstorefront/p/3880938-1=9E
4907001000,Royal Mail 2nd Class Postage Stamps 100 pieces,https://www.viking-direct.co.uk/en/p/RM1200?cm_mmc=Google-_-pla_gen_google-shopping_packing-and-mailing_gosc-_-packing-and-mailing-gosc-_-RM1200&gclid=Cj0KCQiArenfBRCoARIsAFc1Fqdq2e_gtGSmCkLcg78KiSrXbVFdaJYEmGM_kMDY5bPIY3rIvPqnCv4aAq3AEALw_wcB&gclsrc=aw.ds
4304000000,Cuddly Blanket Microfiber Artificial Fur Cover for Couch Bed Lightly Fluffy,https://www.amazon.co.uk/Cuddly-Blanket-Microfiber-Artificial-Lightly/dp/B0756X1PND
4813100000,RIZLA 10 Booklets Rizla Blue King Size Slim Rolling Papers,https://www.amazon.co.uk/RIZLA-Booklets-Rizla-Rolling-Papers/dp/B01H2RZTDQ/
6406909010,Snow Gaiters Waterproof Dustproof Leg Gaiters Portable Leg Cover Protect Anti-Tear Breathable Boot Guardian,https://www.amazon.co.uk/Rayami-Waterproof-Dustproof-Anti-Tear-Breathable/dp/B0742CML4Z/
4905910000,Historical Roman Britain (Historical Map Guide) Map – Folded Map,https://www.amazon.co.uk/Historical-Roman-Britain-Map-Guide/dp/0319263258/ref=sr_1_4?s=books&ie=UTF8&qid=1543177237&sr=1-4&keywords=historical+map+of
3801300000,Stovax Black Grate Woodburner Graphite Fire Polish,https://www.amazon.co.uk/Stovax-Black-Woodburner-Graphite-Polish/dp/B0035XHWPA
3501901000,Vintage Casco Powdered Casein Glue,https://www.ebay.co.uk/itm/Vintage-Casco-Powdered-Casein-Glue-Tin-Can-with-Paper-Label/192256524285?hash=item2cc361bffd:g:oQcAAOSwCQZZMhNK:rk:3:pf:0&LH_BIN=1
3207100000,Tin Oxide Opacifier,https://www.potterycrafts.co.uk/ProductGrp/0028001b0002
3507100000,Microbial Liquid RENNET Ideal Coagulant 50ml,https://www.amazon.co.uk/Microbial-Liquid-RENNET-Ideal-Coagulant/dp/B078HHSD1M/ref=sr_1_2?ie=UTF8&qid=1543349515&sr=8-2&keywords=rennet
3406000000,Icy Blue Spruce Medium Jar Candle,https://www.yankeecandle.co.uk/product/icy-blue-spruce/_/R-1595578E112
7806001000,Lead Cap Radiation Head Shield Lead Hat XRay Lead Cap CT Head Protection Lead,https://www.ebay.co.uk/itm/Lead-Cap-Radiation-Head-Shield-Lead-Hat-XRay-Lead-Cap-CT-Head-Protection-Lead-/392047098555?var=
2904100090,Ethyl benzenesulfonate certified reference material,https://www.sigmaaldrich.com/catalog/product/sial/13295?lang=en&region=GB
0106200000,GREEN IGUANA,https://www.nationalgeographic.com/animals/reptiles/g/green-iguana/
3215907090,Parker Fountain Pen Liquid Bottled Quink Ink,https://www.amazon.co.uk/Parker-Fountain-Liquid-Bottled-Quink/dp/B01GPM3VJ8
7505110000,Pure Nickel Metal Rod,https://www.amazon.co.uk/Nickel-14grams-10diameterx20mm-Element-specimen/dp/B078GJDX1R
6205200090,Men's Shirt in Regular Fit Oxford Cotton,https://www.amazon.co.uk/FIND-Regular-Oxford-Cotton-Medium/dp/B01MQWB30S
1702209090,"Rowse Buckwud Maple Syrup, 250 g",https://www.amazon.co.uk/dp/B01H1MUPSQ/ref=asc_df_B01H1MUPSQ57129017/
0710100000,Aunt Bessie's Mashed Potato 650G,https://www.tesco.com/groceries/en-GB/products/297648891
3703900000,"Ilford Multigrade IV RC Deluxe 8 x 10, 25 Gloss Paper sheets",https://www.amazon.co.uk/Ilford-Multigrade-Deluxe-Gloss-sheets/dp/B00009R6FK
3702969000,"Kodak Professional T-Max 400 Black and White Negative Film (35mm Roll Film, 36 Exposures)",https://www.bhphotovideo.com/c/product/29139-USA/Kodak_8947947_TMY_135_36_Roll_T_Max.html
4707100000,Corrugated Paper Rolls,https://www.davpack.co.uk/protective-packaging/kraft-paper-rolls-sheets/corrugated-paper-rolls.htm
0711201000,Tesco Pitted Green Olives In Brine 340G,https://www.tesco.com/groceries/en-GB/products/258251520
3820000090,"Comma SLA5L Super Red Antifreeze and Coolant Concentrated, 5 Litre",https://www.amazon.co.uk/Comma-SLA5L-Antifreeze-Coolant-Concentrated/dp/B00544L3M6/ref=sr_1_1?ie=UTF8&qid=1543348806&sr=8-1&keywords=antifreeze
0308901000,Red sea star,https://www.liveaquaria.com/product/578/red-sea-star?pcatid=578&c=528+578
3403990090,WD-40 Smart Straw 300ml,https://www.amazon.co.uk/WD-40-701-305UK-Smart-Straw-300ml/dp/B0714695CD/ref=sr_1_1?ie=UTF8&qid=1543348176&sr=8-1&keywords=wd+40
1701149000,Raw Cane Sugar - Unrefined - 500g,http://www.naturallygoodfood.co.uk/Sugar/Raw_Cane_Sugar_-_Unrefined_500g
7018101100,Ultimate Glass Bead Mix 250g,https://www.amazon.co.uk/dp/B00V6A8H6M/ref=asc_df_B00V6A8H6M56949898/?tag=googshopuk-21&creative=22146&creativeASIN=B00V6A8H6M&linkCode=df0&hvadid=214192173502&hvpos=1o7&hvnetw=g&hvrand=4182859788500915552&hvpone=&hvptwo=&hvqmt=&hvdev=c&hvdvcmdl=&hvlocint=&hvlocphy=9046138&hvtargid=pla-421972679411
9207901000,Epiphone Les Paul Standard,https://reverb.com/p/epiphone-les-paul-standard
7017900000,"Erlenmeyer Flask 1,000 ml",https://www.praxisdienst.com/en/Human/Lab+Equipment/Miscellaneous+Items/Bottles+Containers/Erlenmeyer+Flask+1+000+ml.html?cur=3&speed=1&gclid=CjwKCAiAuMTfBRAcEiwAV4SDkR81YVN3218i7AJSGMtShDfn4VH8TbHu1lAZvm5DYqORCElylk23OhoCX4wQAvD_BwE
0904120000,Schwartz Ground Black Pepper 33G Jar,https://www.tesco.com/groceries/en-GB/products/257515124
2901100000,"Pentane anhydrous, ≥99%",https://www.sigmaaldrich.com/catalog/product/sial/236705?lang=en&region=GB
6505003000,adidas Mens Golf Sports Flexible Peak Cap Hat,https://www.amazon.co.uk/adidas-Flexible-Junior-Touch-Close/dp/B00T7LA5V2/
0901210000,Nescafe Gold Blend Instant Coffee 200G,https://www.tesco.com/groceries/en-GB/products/297876977
3401201000,Surf Washing Powder Tropical Lily & Ylang Ylang,https://www.amazon.co.uk/Surf-Washing-Powder-Tropical-Ylang/dp/B01B69DHS0/ref=sr_1_11?s=kitchen&ie=UTF8&qid=1543435024&sr=1-11&keywords=soap+powder
3705009000,Microfilm of Tiny Newspapers,https://www.etsy.com/uk/listing/219309919/microfilm-of-tiny-newspapers-collage
3006700000,Instillagel Sterile Lubricant ,https://www.amazon.co.uk/INSTILLAGEL-STERILE-LUBRICANT-PACK-11ML/dp/B007GX7GB0
3213100000,Arteza Acrylic Premium Artist Paints Set ,https://arteza.co.uk/products/acrylic-premium-artist-paints-set-60-colors-60-x-22-ml-0-74-us-fl-oz?variant=7695903719485&gclid=Cj0KCQiArenfBRCoARIsAFc1Fqd3C_cXTRAGpQjtIntdejo59S_-IYsMoQS5SxltHrnoITjd35hrDmMaAlIfEALw_wcB
3201100000,Quebracho Yellow Powdered Extrat Natural Dye,https://www.etsy.com/uk/listing/552202597/quebracho-yellow-powdered-extract?gpla=1&gao=1&&utm_source=google&utm_medium=cpc&utm_campaign=shopping_uk_en_gb_e-craft_supplies_and_tools-other&utm_custom1=93358978-93e2-415f-8644-d6cb18cbea4f&utm_content=go_326242848_20237113368_88513780608_aud-537409439212:pla-106551294035_c__552202597engb&gclid=Cj0KCQiArenfBRCoARIsAFc1FqeYQO_zGOMl8MiselegUoe1X9VhapNbyseS2HnAdjeexB2Aig8TbsYaAnDyEALw_wcB
3210001000,Oil Paint - 24 Colours,https://arteza.co.uk/products/oil-premium-artist-paints-set-24-colors-24-x-12-ml-0-74-us-fl-oz?variant=7697122197565&gclid=CjwKCAiAlvnfBRA1EiwAVOEgfI4-AjGEaoPPuj0fGUMeSDitUlWhxOu4pl4pF1651n_ZwPkXN75DFxoCKjQQAvD_BwE
4407122000,Smooth planed timber (T)18mm (W)34mm (L)2400mm,https://www.diy.com/departments/smooth-planed-timber-t-18mm-w-34mm-l-2400mm-pack-of-16/570229_BQ.prd
3407000000,Pebeo Studio Acrylics Auxiliaries High Density Modelling Paste,https://www.amazon.co.uk/Pebeo-Studio-Acrylics-Auxiliaries-Modelling/dp/B00972HP3M/ref=sr_1_1?s=officeproduct&ie=UTF8&qid=1543347157&sr=1-1&keywords=modelling+paste
4902900000,The New Yorker,https://www.newyorker.com/magazine
2903130000,Chloroform,https://www.sigmaaldrich.com/catalog/product/sigald/c2432?lang=en&region=GB
3211000000,Blackfriars Liquid Drier Trebine 500ml,https://www.jacksonsart.com/blackfriars-liquid-driers-terebine-500ml?channable=e17573.ODYwNjQ&___store=jacksonsart_en&gclid=Cj0KCQiArenfBRCoARIsAFc1FqdqBrNkmIbbialIq5xwYoK2nIulIiJ9J3gl-xyv_9tamM0ZkoV4wT4aAkbZEALw_wcB
3505101000,Versatile potato starch texturizer - Etenia,https://www.avebe.com/producten/etenia/
0306331000,Fresh Cornish brown crab,https://thecornishfishmonger.co.uk/cornish-crab-small.html
0302298000,Whole Brill,https://www.fishforthought.co.uk/shop/fresh-fish/brill-whole-fresh
7009920000,MIRROR IMPRESS LED,"https://www.mirrorforyou.co.uk/p219,mirror-impress-led.html"
1210100010,JustIngredients Essentials Hops 250 g,https://www.amazon.co.uk/JustIngredients-Essentials-Hops-250-g/dp/B00I9X1O64
6110209100,Boys Jumpers Kids Knit Vest Cotton Knitwear Sleeveless Sweater Plaid Pullover,https://www.amazon.co.uk/Jumpers-Knitwear-Sleeveless-Sweater-Pullover/dp/B072QLF59W
0106310000,COMMON BUZZARD,https://www.arkive.org/common-buzzard/buteo-buteo/
8708805500,"Ultra Racing Rear Anti Roll Bar, MX5 Mk1/2/2.5",https://www.mx5parts.co.uk/ultra-racing-rear-anti-roll-mk1-25-p-3310.html
2208303000,Laphroaig 10 Year Old Islay Single Malt Scotch Whisky,https://www.amazon.co.uk/Laphroaig-Islay-Single-Scotch-Whisky/dp/B001GLG7C2/
3405200000,Fiddes Supreme Wax Polish,https://www.wood-finishes-direct.com/product/fiddes-wax
0306169920,North Atlantic prawns,https://groceries.iceland.co.uk/iceland-fish-market-north-atlantic-prawns-300g/p/58033
7604101000,Aluminium Round Rod 127mm,https://www.metals4u.co.uk/aluminium/c1/round/c20/127mm-(-5-)/p13143
8403109000,BOSCH Condensing Combi Boiler,https://www.amazon.co.uk/BOSCH-Condensing-7716010230-CERAPURSMART-Natural/dp/B00FRMT76Y/
0902100000,Teapigs Mao Feng Green Tea,https://www.tesco.com/groceries/en-GB/products/276899187
3006300000,RANDOX Myoglobin,https://www.randox.com/myoglobin/
3402209000,Cif Floor Cleaner Ocean ,https://www.amazon.co.uk/Cif-100443298-Floor-Cleaner-Ocean/dp/B014DF520A/ref=sr_1_cc_8_a_it?ie=UTF8&qid=1543434718&sr=1-8-catcorr&fpw=pantry&keywords=cif
1502109000,Britannia Finest Beef Dripping,https://www.tesco.com/groceries/en-GB/products/288354065
0702000099,Tesco Sweet Vine Ripened Tomatoes 230G,https://www.tesco.com/groceries/en-GB/products/282998239
3826009090,Biodiesel 99.98,https://www.ebay.co.uk/p/Biodiesel-99-98-Virgin-Methanol-4-X-205-Litre-Drums/554817469?iid=202479934707&chn=ps
3215110090,HP 304 Black Original Ink Cartridge,https://www.amazon.co.uk/HP-Black-Original-Cartridge-N9K06AE/dp/B01EA0EG3W/ref=sr_1_12?s=officeproduct&ie=UTF8&qid=1543434379&sr=1-12&keywords=printing+ink+black
1107200000,Organic barley baked malt - high-quality baking malt (light),https://www.amazon.co.uk/Organic-barley-baked-malt-enzyme-active/dp/B00SYVDRI4
1401200000,FURNITURE / RATTAN CANE,http://www.canestore.co.uk/index.php/furniture-and-rattan-cane
0706100010,Tesco Carrots Loose,https://www.tesco.com/groceries/en-GB/products/254638565
4906000000,"Designs, almost as built, for Dudley Court, Endell Street, London: fourth floor plan",https://www.architecture.com/image-library/ribapix/gallery-product/poster/designs-almost-as-built-for-dudley-court-endell-street-london-fourth-floor-plan/posterid/RIBA94693.html
2912110000,"Formaldehyde solution for molecular biology, 36.5-38% in H2O",https://www.sigmaaldrich.com/catalog/product/sigma/f8775?lang=en&region=GB
9503003500,"LEGO 60138 City Police High Speed Chase Playset, Toy Helicopter and Sports Car, Police Sets for Kids",https://www.amazon.co.uk/LEGO-60138-Police-Playset-Helicopter/dp/B01J41G4Z0
0710210090,Tesco Sugar Snap Mangetout 80G,https://www.tesco.com/groceries/en-GB/products/300537459
4908100000,"Tile Transfers Yellow Stickers 6"" Self Adhesive Pack of 50 Vinyl Decal by Inspired Walls",https://www.amazon.co.uk/Transfers-Stickers-Adhesive-Inspired-Walls%C2%AE/dp/B06XVZJT4W
0707000590,Tesco Whole Cucumber ,https://www.tesco.com/groceries/en-GB/products/253558972
7013289000,Dartington 2-Piece Crystal Wine and Bar Martini Glass,https://www.amazon.co.uk/Dartington-2-Piece-Crystal-Martini-Glass/dp/B00UJTNH52/
6702100000,Artifical Flower Snowdrops Potted - White 22cm,https://www.theartificialflowershop.co.uk/artificial-snowdrops-potted.html
0201300090,Tesco Beef Lean Steak Mince 500G 5% Fat,https://www.tesco.com/groceries/en-GB/products/250871426
9614009000,"Joyoldelf Wooden tobacco smoking pipe Maigret Black, Smooth, Bent, Hand made + Stand",https://www.amazon.co.uk/Joyoldelf-Wooden-tobacco-smoking-Maigret/dp/B01580TW96
9002110090,Nikon 500mm f5.6E PF ED VR AF-S Lens,https://www.wexphotovideo.com/nikon-500mm-f5-6e-pf-ed-vr-af-s-lens-1673116/
9303209500,Savage Model 11 Hog Hunter Custom 308 Win Rifle - Used In Good Condition,https://www.hyattgunstore.com/product.php?productid=1331373
2204217690,Beronia Rioja Gran Reserva 75cl,https://www.ocado.com/webshop/product/Beronia-Rioja-Gran-Reserva/56018011
3501901000,KREMER - CASEIN POWDER,https://www.atlantisart.co.uk/kremer-casein-powder/
3502191000,MyProtein 1 kg Egg White Powder Egg Albumin,https://www.amazon.co.uk/MyProtein-Egg-White-Powder-Albumin/dp/B00L7WXDA4
3701910000,"FUJIFILM Fujichrome Provia 100F Professional RDP-III Color Transparency Film (4 x 5"", 20 Sheets)",https://www.bhphotovideo.com/c/product/1014759-REG/fujifilm_16326133_provia_f_100_np_4x5_20.html
0106190000,FERRET,https://www.livescience.com/54391-ferrets.html
4904000000,Frank Zappa: Over-Nite Sensation (Guitar Recorded Versions),https://www.amazon.co.uk/Frank-Zappa-Over-Nite-Sensation-Recorded/dp/0634061100/ref=sr_1_1?s=books&ie=UTF8&qid=1543177169&sr=1-1&keywords=overnite+sensations+scores
2205101000,Martini Rosso 1L,https://www.ocado.com/webshop/product/Martini-Rosso/42079011
3005100000,COSMOPOR E Adhesive Dressings ,https://www.amazon.co.uk/COSMOPOR-Adhesive-Dressings-7-2cm-5cm/dp/B00FZ4K9W0
1004900000,Planet Organic Sprouted Rolled Naked Oats ,https://www.amazon.co.uk/Planet-Organic-Sprouted-Rolled-Naked/dp/B00QFMS36U/
1704906500,Haribo Tangfastics Sour Bulk Sweets,https://www.amazon.co.uk/Haribo-Tangfastics-Sour-Bulk-Sweets/dp/B07CQL6319
7016904000,FUCHS glass blocks clearview clear 19x19x8 cm,https://www.amazon.co.uk/d/Raw-Building-Materials/pieces-FUCHS-blocks-clearview-19x19x8/B00NM200EE/ref=sr_1_3?ie=UTF8&qid=1542577415&sr=8-3&keywords=glass+blocks
2927000090,4-Diazo-3-methoxydiphenylamine sulfate,https://www.sigmaaldrich.com/catalog/buildingblock/product/combiblocksinc/com490020749?lang=en&region=GB
2902200000,Benzene analytical standard,https://www.sigmaaldrich.com/catalog/product/sial/12540?lang=en&region=GB
2941100000,Penicillin G potassium,https://www.sigmaaldrich.com/catalog/product/usp/1502508?lang=en&region=GB
2914610000,Anthraquinone 97%,https://www.sigmaaldrich.com/catalog/product/aldrich/a90004?lang=en&region=GB
3504001000,Protifar Concentrated Milk Protein,https://www.weldricks.co.uk/products/protifar-concentrated-milk-protein-225g
7007192090,Toughened Glass Splashbacks,https://www.glassinlondon.co.uk/hob-splashbacks.html
5601219000,Hobbs Heirloom Wadding Premium Cotton With Scrim,https://www.amazon.co.uk/Craft-Heirloom-Wadding-Premium-Cotton/dp/B01AUSXIKU
0102909110,DOMESTIC YAK,http://firebirdfarms.com/why-yak/
3505101000,Myprotein 2500g Maltodextrin Supplement,https://www.amazon.co.uk/MY-PROTEIN-MYP16-Maltodextrin-Supplement/dp/B00BSOC5NM?th=1
3405100000,Kiwi Shoe Polish Neutral,https://www.amazon.co.uk/Kiwi-Shoe-Polish-Neutral/dp/B0016C773E/ref=cts_sp_1_vtp
3707902990,Ilford Rapid Fixer 500ml,https://www.wexphotovideo.com/ilford-rapid-fixer-500ml-1021706/
0203195590,ASDA Butcher's Selection Boneless Pork Leg Joint (typically 1.7kg),https://groceries.asda.com/product/pork-joints/asda-butchers-selection-boneless-pork-leg-joint-typically-1.7kg/910002109093
0709599000,Tesco Finest Shiitake Mushrooms 125G,https://www.tesco.com/groceries/en-GB/products/273664769
0706909000,Tesco Organic Raw Beetroot 450G,https://www.tesco.com/groceries/en-GB/products/281055891
0704909090,Tesco Black Kale 200G,https://www.tesco.com/groceries/en-GB/products/292696155
0202100099,"Halal Frozen Beef Carcass, Forequarter, Hindquarter, Offals, Trimming",https://www.alibaba.com/product-detail/Halal-Frozen-Beef-Carcass-Forequarter-Hindquarter_50044157508.html?spm=a2700.7724857.normalList.18.59961139UHOtmB
0903000000,Yerba Mate Kraus Bio Mate Organic 500g,https://www.amazon.co.uk/Yerba-Mate-Kraus-Organic-500g/dp/B004B61HWE/ref=sr_1_3_a_it?ie=UTF8&qid=1542697230&sr=8-3&keywords=mat%C3%A9
2618000000,"Ground Granulated Slag Powder, Packaging Size: 50 kg",https://www.indiamart.com/proddetail/ground-granulated-slag-powder-7395286397.html
8508110000,DYSON Light Ball Multifloor Upright Bagless Vacuum Cleaner,https://www.currys.co.uk/gbuk/home-appliances/floorcare/vacuum-cleaners/dyson-light-ball-multifloor-upright-bagless-vacuum-cleaner-iron-yellow-10168837-pdt.html
1806901900,Tesco Finest Dark Cooking Chocolate,https://www.tesco.com/groceries/en-GB/products/275411830
0302118011,Counter Whole Rainbow Trout,https://www.tesco.com/groceries/en-GB/products/255125047
2901210000,Ethylene ≥99.5%,https://www.sigmaaldrich.com/catalog/product/aldrich/295329?lang=en&region=GB
2804100000,High Purity Hydrogen Cylinder,https://www.boconline.co.uk/shop/en/uk/high-purity-hydrogen-cylinder
3503001000,Luxury Professional Leaf Gelatine 20 x 2g Sheets Bronze,https://www.amazon.co.uk/Luxury-Professional-Gelatine-Sheets-Bronze/dp/B00QL1TYF4
3405200000,Orange Glo Wood Furniture 2in1 Clean & Polish Spray ,https://www.amazon.co.uk/Orange-Glo-Furniture-Polish-Microfiber/dp/B002PBRZNC/ref=sr_1_5?ie=UTF8&qid=1543434901&sr=8-5&keywords=furniture+polish
0206809900,Tesco Lamb Sliced Liver,https://www.tesco.com/groceries/en-GB/products/258016016
7114190000,Yellow Gold 5mm Extra Heavy Court Ring,https://www.hsamuel.co.uk/webstore/d/8440743/22ct+yellow+gold+5mm+extra+heavy+court+ring/
3209100000,Pro-Art Golden Polymer Varnish Acrylic,https://www.amazon.co.uk/Pro-Art-Polymer-Varnish-Acrylic-Multicolour/dp/B001YJVGIG
0904110000,Tesco Finest Tellicherry Pepper Corn Grinder 45G,https://www.tesco.com/groceries/en-GB/products/279683126
2918220010,Aspirin,https://www.sigmaaldrich.com/catalog/product/sigma/a2093?lang=en&region=GB
0303531000,whole Pilchards,https://www.alibaba.com/product-detail/Frozen-Sardines-Sardina-Pilchardus_114020640.html
7013379100,Mikasa Cheers Etched Balloon Glasses - Set of 4,https://www.lakeland.co.uk/73602/Mikasa-Cheers-Etched-Balloon-Glasses---Set-of-4?gclid=CjwKCAiAuMTfBRAcEiwAV4SDkepnT0nq5RdvZbJGF9OOFng0gJQAfrrX0ARxyVjS_pl9UqHye2MgMBoC36QQAvD_BwE&src=gfeed&s_kwcid=AL!49!3!295008129246!!!g!302896319198!&ef_id=WqvksgAAIB7b0BBO:20181118210408:s
5204200000,"Embroidery Thread, 100% Cotton, 50 x Assorted Coloured",https://www.amazon.co.uk/Embroidery-Thread-Assorted-Coloured-Flissy/dp/B019BBGLTM/
0905100000,The Vital Ingredient 2 Vanilla Pods,https://www.hollandandbarrett.com/shop/product/the-vital-ingredient-2-vanilla-pods-60086222?skuid=086222&utm_medium=cpc&utm_source=google&&gclid=Cj0KCQiA28nfBRCDARIsANc5BFDakEEch8aVlmcqRCCi_7GN8f9V-VqrEvxi-d1N_95hSpJUxGaF0ysaAq_DEALw_wcB&gclsrc=aw.ds
3507909020,Creatine Amidohydrolase from Actinobacillus sp.,http://www.toyobousa.com/enzyme-CRH-211.html
0106200000,EMERALD TREE BOA,https://centralparkzoo.com/exhibits/tropic-zone-the-rainforest
3604100000,Hand Held Sparklers,https://www.amazon.co.uk/Hand-Held-Sparklers-25cm-Pack/dp/B00OP22RRS
0304720000,Wild haddock fillet,https://www.donaldrussell.com/wild-haddock-fillets.html
7013229000,ROYAL DOULTON Seasons Decanter & Tumbler Set,https://www.houseoffraser.co.uk/home-and-furniture/royal-doulton-seasons-decanter-and-tumbler-set/162883253.pd?gclid=CjwKCAiAuMTfBRAcEiwAV4SDkaHdHCfW430_-8pTuYXIuapXyADbxhtENJcmJIQyaFhzlQACJZ-DlhoCSz4QAvD_BwE#162883253?cm_mmc=Googlebase-_-Home+%26+Furniture-_-Dining-_-Seasons+Decanter+%26+Tumbler+Set&istCompanyId=17910aed-1bae-4362-9580-b523eb87a91e&istItemId=mplmpmqwp&istBid=tztx
3922200000,Anti-Bacterial Toilet Seat with Soft Close Hinges Made From Resilient Polypropylene,https://www.amazon.co.uk/Croydex-Anti-Bacterial-Toilet-Resilient-Polypropylene/dp/B001DYPTGW
1704903000,"Milkybar White Chocolate Sharing Bar, 100 g, Pack of 12",https://www.amazon.co.uk/dp/B0747XG7DM/
2309901021,Aquarian Goldfish Flake Fish Food,https://www.tesco.com/groceries/en-GB/products/252444060
6501000000,Wool Felt Hood Printed Snakeskin,https://www.parkinfabrics.co.uk/wool-felt-hood-printed-snakeskin.html
8903101000,ITIWIT 3 MAN INFLATABLE KAYAK ,https://www.decathlon.co.uk/3-man-inflatable-kayak-2017-orange-id_8387563.html
4910000000,FORTNITE Official 2019 Calendar,https://www.amazon.co.uk/FORTNITE-Official-2019-Calendar-Games/dp/1472262174/ref=sr_1_6?s=officeproduct&ie=UTF8&qid=1543178577&sr=1-6&keywords=calendar
0713200000,Tesco Wholefoods Chick Peas 500G,https://www.tesco.com/groceries/en-GB/products/256538611
2501009100,Saxa Coarse Sea Salt,https://www.tesco.com/groceries/en-GB/products/254193744
5401109000,"Coats Duet Sewing Thread, 100m",https://www.johnlewis.com/coats-duet-sewing-thread-100m/p309539
3207100000,Revell 39066 Weathering Set with 6 Pigments,https://www.amazon.co.uk/dp/B00TK0PV3W/ref=asc_df_B00TK0PV3W57156803/?tag=googshopuk-21&creative=22110&creativeASIN=B00TK0PV3W&linkCode=df0&hvadid=309834322446&hvpos=1o2&hvnetw=g&hvrand=7973692781393265444&hvpone=&hvptwo=&hvqmt=&hvdev=c&hvdvcmdl=&hvlocint=&hvlocphy=9046496&hvtargid=pla-525481132269&th=1&psc=1
0307311010,Fresh PEI mussels,https://shop.bstseafood.com/buy-fresh-pei-mussels-online/
2402100000,Montecristo Dantes Cigar,https://www.simplycigars.co.uk/montecristo-dantes-cigar-limited-edition-2016-10s-p-3043.html
6504000000,M&S COLLECTION Plaited Hat,https://www.marksandspencer.com/plaited-hat/p/p22385728?&pdpredirect
4602199010,Honey Natural Wicker Bread Basket Storage Hamper,https://www.amazon.co.uk/Natural-Wicker-Basket-Storage-DisplayTray/dp/B01MG8Q9Y1
3101000000,Natural Fibrous Fertiliser 1 x 15kg bag,https://www.amazon.co.uk/6X-Natural-Fibrous-Fertiliser-15kg/dp/B00CRZQ4P6
0106398000,CANARY,https://www.petco.com/content/petco/PetcoStore/en_US/pet-services/resource-center/caresheets/canary.html
0101300000,DONKEY,https://donkeysanctuary.org/en/donkeys/donkeys-to-adopt
4901990000,The Thing About Clare Paperback,https://www.amazon.co.uk/Thing-About-Clare-Imogen-Clark/dp/1503904962
4909000000,It's an Amazingly Beautiful World - 36 Stunning Landscape Postcards,https://www.amazon.co.uk/gp/product/B01EFXP3CC/ref=s9_acsd_zwish_hd_bw_bDbO4N_c_x_w?pf_rd_m=A3P5ROKL5A1OLE&pf_rd_s=merchandised-search-4&pf_rd_r=HF77S6XEQR8GXJXC11RP&pf_rd_r=HF77S6XEQR8GXJXC11RP&pf_rd_t=101&pf_rd_p=ecb49adb-6cfa-5150-aec2-849f3d7ab933&pf_rd_p=ecb49adb-6cfa-5150-aec2-849f3d7ab933&pf_rd_i=201003031
4901990000,"Helmut Newton: SUMO, Revised by June Newton Hardcover",https://www.amazon.co.uk/Helmut-Newton-SUMO-Revised-June/dp/3836517302/ref=sr_1_cc_1?s=aps&ie=UTF8&qid=1543178647&sr=1-1-catcorr&keywords=helmut+newton
0409000000,"Honey Directly from The Polish Beekeeper. Fresh 2018. Absolutely Pure, Raw, Lime Honey",https://www.amazon.co.uk/Directly-Polish-Beekeeper-Absolutely-Weight/dp/B07872N9CZ
3807009000,Birch Tar Essential Oil - 100ml,https://www.amazon.co.uk/Mystic-Moments-Birch-Tar-Essential/dp/B006FXYEBC/ref=sr_1_4?ie=UTF8&qid=1543365563&sr=8-4&keywords=wood+tar+oil
8211910000,"Taylors Eye Witness Steak Knives, Set of 6, Black",https://www.amazon.co.uk/Taylors-Eye-Witness-Steak-Knives/dp/B00A2WE2PK
3304990000,Ambre Solaire Clear Protect Sun Cream Spray SPF30,https://www.amazon.co.uk/Ambre-Solaire-Clear-Protect-Cream/dp/B000RO0OIC
3808991000,PEST-STOP RODENTICIDE WAX BLOCKS,https://www.screwfix.com/p/pest-stop-rodenticide-wax-blocks/7894X?tc=DB2&ds_kid=92700031409093012&ds_rl=1241687&ds_rl=1245250&ds_rl=1243318&ds_rl=1245250&ds_rl=1249481&gclid=Cj0KCQiA8_PfBRC3ARIsAOzJ2uo3CRHwM05wtG9ivtCZhmacuQVVEQgb2ufqBX3uWLcW7ry0GBNZur0aArjSEALw_wcB&gclsrc=aw.ds
7905000000,Pure Zinc ZN Sheet Plate High Purity 99.99 for Science Lab,https://www.ebay.co.uk/p/5-X-Pure-Zinc-ZN-Sheet-Plate-High-Purity-99-99-for-Science-Lab-100x100x0-2mm/2131358239?iid=153120646278
3507903000,Recombinant Human Lipoproteine Lipase/LPL Protein,https://www.novusbio.com/products/recombinant-human-lipoprotein-lipase-lpl-protein-cf_9888-ll?gclid=Cj0KCQiA8_PfBRC3ARIsAOzJ2uoKO59AXgP_R_YJnPxqMTMuShm93jyLzz-fR9qvddmKs2cMwUVSkHkaAvvkEALw_wcB
6502000000,"Satin-Crin ""Juliet"" Cloche Skull Hat Body",https://mrsongmillinery.com/collections/trims-hat-bodies/products/satin-crin-juliet-cloche-skull-hat-body-assorted-colors?variant=45985771476
2935909099,Sulfanilamide ≥99%,https://www.sigmaaldrich.com/catalog/product/sial/s9251?lang=en&region=GB
3006600000,Microgynon 30 Contraceptive Pil,https://www.medicines.org.uk/emc/product/1130/pil
3006400000,3M RelyX Ultimate Adhesive Resin Cement,https://www.3m.co.uk/3M/en_GB/dental-uk/products/cements/relyx-ultimate/
0703101900,Tesco Organic Red Onions,https://www.tesco.com/groceries/en-GB/products/254932061
4503900000,Rectangular Cork Placemats Table Mats,https://www.amazon.co.uk/Rectangular-Cork-Placemats-Table-Mats/dp/B073QRZ343/
0103929000,WILD BOAR,https://www.to-tuscany.com/travel-guide/things-to-do/local-wildlife/wild-boar/
2206003100,Strongbow Original Cider 10 x 440ml,https://www.ocado.com/webshop/product/Strongbow-Original-Cider/319804011
5105390000,1 Hank Of Real Horse Hair For 4/4 Violin Bow Natural White,https://www.amazon.co.uk/Hank-Horse-Violin-Natural-White/dp/B00INY72LA
8306100000,"Door Bell, Casted Iron Antique Brown, County house",https://www.amazon.co.uk/Casted-Antique-Brown-County-house/dp/B002AUABLQ/
3006500000,Crest Medical 10 Person HSE Workplace First Aid Kit,https://www.amazon.co.uk/Crest-Medical-Person-Workplace-First-x/dp/B0076PGVPU/ref=sr_1_4_s_it?s=drugstore&ie=UTF8&qid=1543162935&sr=1-4&keywords=first+aid+box
7411109000,WEDNESBURY MICROBORE COPPER PIPE COIL ,https://www.screwfix.com/p/wednesbury-wednesbury-microbore-copper-pipe-coil-8mm-x-10m/61031
3805901000,Pine Needle Essential Oil 10 ml,https://www.amazon.co.uk/Pine-Needle-Essential-Oil-Aromatherapy/dp/B076P5QX4R/ref=sr_1_5_a_it?ie=UTF8&qid=1543349415&sr=8-5&keywords=pine+oil
2202100000,SoBe V Water Glow Pomegranate & Blueberry 500ml,https://www.ocado.com/webshop/product/SoBe-V-Water-Glow-Pomegranate--Blueberry/37637011?
9404211000,I-Sleep Collect and Go Memory Foam Rolled Single Mattress,https://www.argos.co.uk/product/5710845
4903000000,The Very Hungry Caterpillar,https://www.amazon.co.uk/Very-Hungry-Caterpillar-Eric-Carle/dp/0140569324
6301209090,Recycled Wool Blanket Stewart Muted Blue Tartan,https://www.amazon.co.uk/Tartan-Blanket-Co-Recycled-Stewart/dp/B0085JEENW/
1601009911,Richmond 8 Thick Pork Sausages,https://www.tesco.com/groceries/en-GB/products/254274735
3704009000,Single Film - ALiEN 200 - 35mm COLOR NEGATIVE FILM - Pre-exposed Aliens,https://reanimatedfilm.com/products/alien-200-35mm-color-negative-film-pre-exposed-aliens-1-pack
0301190000,Orange clownfish,http://www.aquarium-larochelle.com/en/prepare-your-visit/species-encyclopedia/orange-clownfish
0104209000,GOAT,https://a-z-animals.com/animals/goat/
0106391000,VICTORIA-CROWNED PIGEON,https://centralparkzoo.com/exhibits/tropic-zone-the-rainforest
3006200000,LORNE LABORATORIES Anti-A Monoclonal,https://www.lornelabs.com/products/blood-transfusion/blood-grouping-reagents/anti-a-monoclonal
3819000090,Brake and Clutch Fluid,https://www.amazon.co.uk/Comma-BF41L-Brake-Clutch-Fluid/dp/B0064YM6ZI/ref=sr_1_4?ie=UTF8&qid=1543366199&sr=8-4&keywords=Hydraulic+brake+fluid
6507000000,BELL ELIMINATOR PEAK - BLACK,https://www.urbanrider.co.uk/bell-eliminator-peak-black.html
5807101000,Beaver Scout Sleepover Fun Badge,https://www.amazon.co.uk/Beaver-Scout-Sleepover-Fun-Badge/dp/B00YS42N2M
5007201910,Silk Crepe de Chine Heavy – Royal Blue,https://beckfordsilk.co.uk/product/silk-crepe-de-chine-heavy-royal-blue/
6006320000,Brushed Back Knitted Sweatshirting – Grey,https://www.1stforfabrics.co.uk/product/brushed-back-knitted-sweatshirting-grey/
5306209000,Fibra Natura Flax Lace,https://www.yarn.com/products/fibra-natura-flax-lace
6810111000,Toplite Grey Aerated concrete Foundation Block ,https://www.diy.com/departments/toplite-grey-aerated-concrete-foundation-block-h-215mm-w-300mm-l-440mm-18400g/898153_BQ.prd
7222401000,30 x 30 x 5mm Stainless Steel angle 304,https://www.metals4u.co.uk/stainless-steel/c8/angle/c77/30-x-30-x-5mm-304/p1910
8607211000,"Locomotive Brake system parts: J-1 6.16 Relay Valve, A-1 Pilot Valve, 26-FQR Valve, 26-F Ctrl Svc Portion",https://www.railserve.biz/air-brakes.html
0704901000,Tesco White Cabbage Each,https://www.tesco.com/groceries/en-GB/products/294070748
9105210000,Argos Home Silver Satellite Decorative Wall Clock,https://www.argos.co.uk/product/8473457
3406000000,White Stearin Ball Candles,https://www.thecandleselection.co.uk/everyday-white-candles/10-cm-diameter-white-stearin-ball-candles
0707000520,Mrs Elswood Sandwich Slices Cucumbers 540G,https://www.tesco.com/groceries/en-GB/products/262007753
3214109000,Polycell Quick Dry Ready Mixed Filler,https://www.diy.com/departments/polycell-quick-dry-ready-mixed-filler-330g/196415_BQ.prd?utm_source=google_cpc&utm_medium=shopping&utm_campaign=PX_GSC_Building_+_Generic&ppc_type=shopping&ds_kids=92700029896532753&gclid=CjwKCAiAlvnfBRA1EiwAVOEgfGhgGSSDXD3IpU3WcQtlq7VT23vd52F3hSZojEV26UROikdQ-Y1xdxoCW0cQAvD_BwE&gclsrc=aw.ds
0302895000,Monkfish,https://fishchoice.com/buying-guide/monkfish
3401110000,Lush Karma Soap,https://uk.lush.com/products/soaps/karma
3401300000,Dove Moisture Deeply Nourishing Body Wash,https://www.amazon.co.uk/Dove-Moisture-Deeply-Nourishing-Body-x/dp/B009ESV0EE/ref=sr_1_1_sspa?s=drugstore&ie=UTF8&qid=1543347585&sr=1-1-spons&keywords=dove&th=1
0105993000,RING-NECKED PHEASANT,https://www.allaboutbirds.org/guide/Ring-necked_Pheasant/id
0504000010,FRESH HOG BLADDERS,https://www.butcherspantry.com/natural-casings/hog-bladders-3-5kilo
3706909100,CHARLIE CHAPLIN in DINING ON A DOLLAR STD8 200FT SILENT B/W,http://www.theoldfilmcompany.com/Page2_3.htm
3006920000,Sharpsguard Sharps Bin 1 Litre - Yellow,https://www.amazon.co.uk/Sharpsguard-Sharps-Bin-litre-Yellow/dp/B002ZGQ8IA
8003000000,Tin - Rod,http://www.goodfellow.com/catalogue/GFCat4I.php?ewd_token=6WXyS3iL1E6NCbFXx42Es5tf23lxsW&n=IKQ7x8e3jFiRi4gvAwekQChwY1Ohs9&ewd_urlNo=GFCat4B11&Catite=SN007910&CatSearNum=2
2203000100,BrewDog Punk India Pale Ale IPA 330ml,https://www.ocado.com/webshop/product/BrewDog-Punk-India-Pale-Ale-IPA/81408011
2712109000,"Petroleum Jelly, the traditional sports lubricant and moisturiser",https://www.physical-sports.co.uk/sports-first-aid-products/first-aid-accessories/petroleum-jelly-5kg-bucket/
2105001000,Del Monte 100% Juice Orange Ice Lollies,https://www.tesco.com/groceries/en-GB/products/263558565
4114200000,Patent Gloss Leather ,https://www.metropolitanleather.com/Chrome-Tanned-Leather/Patent-Gloss-Leather
0901210000,Lavazza Qualita Rossa Coffee Beans,https://www.amazon.co.uk/Lavazza-Qualita-Rossa-Coffee-Beans/dp/B002PM23YC
0603110000,12 Red Roses True Romance Fresh Flower Bouquet,https://www.amazon.co.uk/Clare-Florist-Romance-Flower-Bouquet/dp/B00BEI7SR0/
0901220000,Nescafe Gold Blend Decaffeinated Instant Coffee 200G,https://www.tesco.com/groceries/en-GB/products/297334444
4202210010,KATE SPADE - cameron street lucie crossbody HANDBAG - BLACK,https://www.amazon.co.uk/KATE-SPADE-cameron-crossbody-HANDBAG/dp/B01N0M7W33
8108906030,Titanium Tubing,https://store.tmstitanium.com/products/5362/titanium-tubing/cp-grade-1/0.071-wall-2.000-diameter-18.600-long
4911910090,Dancer - Michael Groenewald 1x — Premium Poster,https://www.juniqe.co.uk/dancer-michael-groenewald-premium-poster-portrait-981235.html
0709996090,Batchelors Sweetcorn in Water 340g,https://groceries.iceland.co.uk/batchelors-sweetcorn-in-water-340g/p/56077
6905100000,Marley Clay Plain Ashdowne Roof Tile,https://www.roofingsuperstore.co.uk/product/marley-clay-plain-ashdowne-roof-tile-ashurst.html
4013200000,VeloChampion Butyl Road Bike Inner Tubes - 700x18/25C Presta 60mm Valve Length,https://www.amazon.co.uk/VeloChampion-Butyl-Road-Inner-Tubes/dp/B00SHQVNFU
